{"l2_loss": 724.62, "l1_loss": 1021.56, "l0": 8190.024384765625, "frac_variance_explained": 0.0694140625, "cossim": 0.8828125, "l2_ratio": 0.040274658203125, "relative_reconstruction_bias": 0.04548828125, "frac_alive": 1.0, "hyperparameters": {"n_inputs": 200, "context_length": 1024}}