{"l2_loss": 86.935, "l1_loss": 122.74, "l0": 8194.005688476562, "frac_variance_explained": 0.0693359375, "cossim": 0.8828125, "l2_ratio": 0.04008544921875, "relative_reconstruction_bias": 0.04555419921875, "frac_alive": 1.0, "hyperparameters": {"n_inputs": 200, "context_length": 1024}}