{"l2_loss": 140.345, "l1_loss": 196.5, "l0": 8153.400170898438, "frac_variance_explained": 0.06923828125, "cossim": 0.8828125, "l2_ratio": 0.039794921875, "relative_reconstruction_bias": 0.04514892578125, "frac_alive": 1.0, "hyperparameters": {"n_inputs": 200, "context_length": 1024}}