{"l2_loss": 86.93, "l1_loss": 122.7475, "l0": 8193.953955078125, "frac_variance_explained": 0.06912109375, "cossim": 0.8828125, "l2_ratio": 0.0400830078125, "relative_reconstruction_bias": 0.04558349609375, "frac_alive": 1.0, "hyperparameters": {"n_inputs": 200, "context_length": 1024}}