{"l2_loss": 140.36, "l1_loss": 196.585, "l0": 8153.457978515625, "frac_variance_explained": 0.069375, "cossim": 0.8828125, "l2_ratio": 0.039794921875, "relative_reconstruction_bias": 0.0451416015625, "frac_alive": 1.0, "hyperparameters": {"n_inputs": 200, "context_length": 1024}}