{"l2_loss": 723.96, "l1_loss": 1020.56, "l0": 8190.132001953125, "frac_variance_explained": 0.06916015625, "cossim": 0.8828125, "l2_ratio": 0.040272216796875, "relative_reconstruction_bias": 0.045496826171875, "frac_alive": 1.0, "hyperparameters": {"n_inputs": 200, "context_length": 1024}}