{"l2_loss": 86.945, "l1_loss": 122.7525, "l0": 8193.977622070313, "frac_variance_explained": 0.06916015625, "cossim": 0.8828125, "l2_ratio": 0.0400830078125, "relative_reconstruction_bias": 0.045543212890625, "frac_alive": 1.0, "hyperparameters": {"n_inputs": 200, "context_length": 1024}}