{"l2_loss": 724.7, "l1_loss": 1021.54, "l0": 8190.1237109375, "frac_variance_explained": 0.0693359375, "cossim": 0.8828125, "l2_ratio": 0.040267333984375, "relative_reconstruction_bias": 0.045484619140625, "frac_alive": 1.0, "hyperparameters": {"n_inputs": 200, "context_length": 1024}}