{"l2_loss": 724.74, "l1_loss": 1021.84, "l0": 8190.056752929688, "frac_variance_explained": 0.0692578125, "cossim": 0.8828125, "l2_ratio": 0.040269775390625, "relative_reconstruction_bias": 0.045494384765625, "frac_alive": 1.0, "hyperparameters": {"n_inputs": 200, "context_length": 1024}}